id,well,sample,sample type,sample nucleotide,target,target chemistry,excluded,note,baseline,lower limit,upper limit,common threshold,group threshold,n in log phase,last log cycle,n included,log lin cycle,log lin fluorescence,indiv PCR eff,R2,N0 (indiv eff - for debug use),Cq (indiv eff - for debug use),Cq with group threshold (indiv eff - for debug use),mean PCR eff,standard error of the mean PCR eff,N0 (mean eff),Cq (mean eff),mean PCR eff - no plateau,standard error of the mean PCR eff - no plateau,N0 (mean eff) - no plateau,Cq (mean eff) - no plateau,mean PCR eff - mean efficiency,standard error of the mean PCR eff - mean efficiency,N0 (mean eff) - mean efficiency,Cq (mean eff) - mean efficiency,mean PCR eff - no plateau - mean efficiency,standard error of the mean PCR eff - no plateau - mean efficiency,N0 (mean eff) - no plateau - mean efficiency,Cq (mean eff) - no plateau - mean efficiency,mean PCR eff - stat efficiency,standard error of the mean PCR eff - stat efficiency,N0 (mean eff) - stat efficiency,Cq (mean eff) - stat efficiency,mean PCR eff - no plateau - stat efficiency,standard error of the stat PCR eff - no plateau - stat efficiency,N0 (mean eff) - no plateau - stat efficiency,Cq (mean eff) - no plateau - stat efficiency,amplification,baseline error,instable baseline,plateau,noisy sample,PCR efficiency outside mean rage,PCR efficiency outside mean rage - no plateau,PCR efficiency outlier,PCR efficiency outlier - no plateau,short log lin phase,Cq is shifting,too low Cq eff,too low Cq N0,used for W-o-L setting
1,A1,QC,unkn,cDNA,NfL,non-saturating DNA binding dye,,,0.203175,0.041115,0.410204,0.205,0.205,11,23,4,21.5,0.136298,1.754053,0.999913,7.719111e-07,22.2264,22.2264,1.776702,0.034896,5.858325e-07,22.2102,1.776702,0.034896,5.858325e-07,22.2102,1.774795,0.017296,5.995163e-07,22.2115,1.774795,0.017296,5.995163e-07,22.2115,1.774795,0.017296,5.995163e-07,22.2115,1.774795,0.017296,5.995163e-07,22.2115,Yes,No,No,Yes,No,No,No,No,No,No,No,No,No,Yes
2,A2,QC,unkn,cDNA,NfL,non-saturating DNA binding dye,,,0.154075,0.041115,0.410204,0.205,0.205,12,23,4,22.5,0.15345,1.751037,0.999526,5.150186e-07,23.017,23.017,1.776702,0.034896,3.712263e-07,23.0039,1.776702,0.034896,3.712263e-07,23.0039,1.774795,0.017296,3.803055e-07,23.0049,1.774795,0.017296,3.803055e-07,23.0049,1.774795,0.017296,3.803055e-07,23.0049,1.774795,0.017296,3.803055e-07,23.0049,Yes,No,No,Yes,No,No,No,No,No,No,No,No,No,Yes
3,A3,sample,unkn,cDNA,NfL,non-saturating DNA binding dye,,,0.226259,0.041115,0.410204,0.205,0.205,9,24,4,21.5,0.116451,1.783446,0.999905,4.613742e-07,22.4775,22.4775,1.776702,0.034896,5.005301e-07,22.484,1.776702,0.034896,5.005301e-07,22.484,1.774795,0.017296,5.122214e-07,22.4858,1.774795,0.017296,5.122214e-07,22.4858,1.774795,0.017296,5.122214e-07,22.4858,1.774795,0.017296,5.122214e-07,22.4858,Yes,No,No,Yes,No,No,No,No,No,No,No,No,No,Yes
4,A4,sample,unkn,cDNA,NfL,non-saturating DNA binding dye,,,0.239678,0.041115,0.410204,0.205,0.205,8,24,4,21.5,0.117055,1.812265,0.999837,3.285649e-07,22.4425,22.4425,1.776702,0.034896,5.031232e-07,22.475,1.776702,0.034896,5.031232e-07,22.475,1.774795,0.017296,5.14875e-07,22.4768,1.774795,0.017296,5.14875e-07,22.4768,1.774795,0.017296,5.14875e-07,22.4768,1.774795,0.017296,5.14875e-07,22.4768,Yes,No,No,Yes,No,No,No,No,No,No,No,No,No,Yes
5,A5,std,unkn,cDNA,NfL,non-saturating DNA binding dye,,,0.229007,0.041115,0.410204,0.205,0.205,11,16,4,13.5,0.123118,1.796288,0.999983,4.531535e-05,14.3705,14.3705,1.776702,0.034896,5.254417e-05,14.3871,1.776702,0.034896,5.254417e-05,14.3871,1.774795,0.017296,5.33115e-05,14.3888,1.774795,0.017296,5.33115e-05,14.3888,1.774795,0.017296,5.33115e-05,14.3888,1.774795,0.017296,5.33115e-05,14.3888,Yes,No,No,Yes,No,No,No,No,No,No,No,No,No,Yes
6,A6,std,unkn,cDNA,NfL,non-saturating DNA binding dye,,,0.220818,0.041115,0.410204,0.205,0.205,8,16,4,13.5,0.11142,1.790867,0.999983,4.271792e-05,14.5463,14.5463,1.776702,0.034896,4.755183e-05,14.5608,1.776702,0.034896,4.755183e-05,14.5608,1.774795,0.017296,4.824625e-05,14.5628,1.774795,0.017296,4.824625e-05,14.5628,1.774795,0.017296,4.824625e-05,14.5628,1.774795,0.017296,4.824625e-05,14.5628,Yes,No,No,Yes,No,No,No,No,No,No,No,No,No,Yes
7,A7,sample,unkn,cDNA,NfL,non-saturating DNA binding dye,,,0.241253,0.041115,0.410204,0.205,0.205,8,26,4,24.5,0.142362,1.789413,0.999953,9.161903e-08,25.1266,25.1266,1.776702,0.034896,1.09103e-07,25.1344,1.776702,0.034896,1.09103e-07,25.1344,1.774795,0.017296,1.120117e-07,25.1356,1.774795,0.017296,1.120117e-07,25.1356,1.774795,0.017296,1.120117e-07,25.1356,1.774795,0.017296,1.120117e-07,25.1356,Yes,No,No,Yes,No,No,No,No,No,No,No,No,No,Yes
8,A8,sample,unkn,cDNA,NfL,non-saturating DNA binding dye,,,0.194956,0.041115,0.410204,0.205,0.205,9,26,4,24.5,0.129114,1.76821,0.999979,1.112745e-07,25.3111,25.3111,1.776702,0.034896,9.894976e-08,25.3044,1.776702,0.034896,9.894976e-08,25.3044,1.774795,0.017296,1.015878e-07,25.3059,1.774795,0.017296,1.015878e-07,25.3059,1.774795,0.017296,1.015878e-07,25.3059,1.774795,0.017296,1.015878e-07,25.3059,Yes,No,No,Yes,No,No,No,No,No,No,No,No,No,Yes
9,A9,sample,unkn,cDNA,NfL,non-saturating DNA binding dye,,,0.237235,0.041115,0.410204,0.205,0.205,10,27,4,24.5,0.132403,1.772923,0.999939,1.069052e-07,25.2634,25.2634,1.776702,0.034896,1.014706e-07,25.2606,1.776702,0.034896,1.014706e-07,25.2606,1.774795,0.017296,1.041758e-07,25.262,1.774795,0.017296,1.041758e-07,25.262,1.774795,0.017296,1.041758e-07,25.262,1.774795,0.017296,1.041758e-07,25.262,Yes,No,No,Yes,No,No,No,No,No,No,No,No,No,Yes
10,A10,sample,unkn,cDNA,NfL,non-saturating DNA binding dye,,,0.268215,0.041115,0.410204,0.205,0.205,10,27,4,24.5,0.134294,1.786995,0.999951,8.933806e-08,25.2286,25.2286,1.776702,0.034896,1.029195e-07,25.2359,1.776702,0.034896,1.029195e-07,25.2359,1.774795,0.017296,1.056634e-07,25.2373,1.774795,0.017296,1.056634e-07,25.2373,1.774795,0.017296,1.056634e-07,25.2373,1.774795,0.017296,1.056634e-07,25.2373,Yes,No,No,Yes,No,No,No,No,No,No,No,No,No,Yes
11,A11,sample,unkn,cDNA,NfL,non-saturating DNA binding dye,,,0.224772,0.041115,0.410204,0.205,0.205,9,27,4,24.5,0.10072,1.805941,0.999989,5.17458e-08,25.7023,25.7023,1.776702,0.034896,7.718897e-08,25.7365,1.776702,0.034896,7.718897e-08,25.7365,1.774795,0.017296,7.924685e-08,25.7388,1.774795,0.017296,7.924685e-08,25.7388,1.774795,0.017296,7.924685e-08,25.7388,1.774795,0.017296,7.924685e-08,25.7388,Yes,No,No,Yes,No,No,No,No,No,No,No,No,No,Yes
12,A12,NTC_unused,ntc,cDNA,NfL,non-saturating DNA binding dye,amplification in negative control;baseline error,,0.207889,0.041115,0.410204,0.205,0.205,0,45,0,,,,,,,,1.776702,0.034896,,,1.776702,0.034896,,,1.774795,0.017296,,,1.774795,0.017296,,,1.774795,0.017296,,,1.774795,0.017296,,,Yes,Yes,No,No,No,Yes,Yes,No,No,Yes,No,No,No,No
13,B1,QC,unkn,cDNA,NfL,non-saturating DNA binding dye,,,0.239087,0.041115,0.410204,0.205,0.205,8,27,4,25.5,0.125545,1.788657,0.999958,4.564107e-08,26.3433,26.3433,1.776702,0.034896,5.415342e-08,26.3531,1.776702,0.034896,5.415342e-08,26.3531,1.774795,0.017296,5.56569e-08,26.3547,1.774795,0.017296,5.56569e-08,26.3547,1.774795,0.017296,5.56569e-08,26.3547,1.774795,0.017296,5.56569e-08,26.3547,Yes,No,No,Yes,No,No,No,No,No,No,No,No,No,Yes
14,B2,QC,unkn,cDNA,NfL,non-saturating DNA binding dye,,,0.272626,0.041115,0.410204,0.205,0.205,9,28,4,25.5,0.135032,1.785432,0.999946,5.140203e-08,26.2202,26.2202,1.776702,0.034896,5.824554e-08,26.2264,1.776702,0.034896,5.824554e-08,26.2264,1.774795,0.017296,5.986263e-08,26.2278,1.774795,0.017296,5.986263e-08,26.2278,1.774795,0.017296,5.986263e-08,26.2278,1.774795,0.017296,5.986263e-08,26.2278,Yes,No,No,Yes,No,No,No,No,No,No,No,No,No,Yes
15,B3,sample,unkn,cDNA,NfL,non-saturating DNA binding dye,,,0.285965,0.041115,0.410204,0.205,0.205,9,26,5,24.0,0.13155,1.751633,0.999829,1.889959e-07,24.7914,24.7914,1.776702,0.034896,1.343812e-07,24.7718,1.776702,0.034896,1.343812e-07,24.7718,1.774795,0.017296,1.378897e-07,24.7733,1.774795,0.017296,1.378897e-07,24.7733,1.774795,0.017296,1.378897e-07,24.7733,1.774795,0.017296,1.378897e-07,24.7733,Yes,No,No,Yes,No,No,No,No,No,No,No,No,No,Yes
16,B4,sample,unkn,cDNA,NfL,non-saturating DNA binding dye,,,0.236164,0.041115,0.410204,0.205,0.205,10,26,4,23.5,0.100731,1.764148,0.999968,1.620293e-07,24.7517,24.7517,1.776702,0.034896,1.37158e-07,24.7363,1.776702,0.034896,1.37158e-07,24.7363,1.774795,0.017296,1.406635e-07,24.7386,1.774795,0.017296,1.406635e-07,24.7386,1.774795,0.017296,1.406635e-07,24.7386,1.774795,0.017296,1.406635e-07,24.7386,Yes,No,No,Yes,No,No,No,No,No,No,No,No,No,Yes
17,B5,std,unkn,cDNA,NfL,non-saturating DNA binding dye,,,0.245883,0.041115,0.410204,0.205,0.205,8,18,4,15.5,0.103432,1.810181,0.999949,1.04704e-05,16.6528,16.6528,1.776702,0.034896,1.398392e-05,16.6902,1.776702,0.034896,1.398392e-05,16.6902,1.774795,0.017296,1.421864e-05,16.6925,1.774795,0.017296,1.421864e-05,16.6925,1.774795,0.017296,1.421864e-05,16.6925,1.774795,0.017296,1.421864e-05,16.6925,Yes,No,No,Yes,No,No,No,No,No,No,No,No,No,Yes
18,B6,std,unkn,cDNA,NfL,non-saturating DNA binding dye,,,-0.116201,0.041115,0.410204,0.205,0.205,9,18,5,16.0,0.130146,1.764354,0.999948,1.475911e-05,16.8002,16.8002,1.776702,0.034896,1.32007e-05,16.7905,1.776702,0.034896,1.32007e-05,16.7905,1.774795,0.017296,1.342948e-05,16.792,1.774795,0.017296,1.342948e-05,16.792,1.774795,0.017296,1.342948e-05,16.792,1.774795,0.017296,1.342948e-05,16.792,Yes,No,No,Yes,No,No,No,No,No,No,No,No,No,Yes
19,B7,sample,unkn,cDNA,NfL,non-saturating DNA binding dye,,,0.246189,0.041115,0.410204,0.205,0.205,8,26,4,24.5,0.143333,1.788323,0.999943,9.363115e-08,25.1156,25.1156,1.776702,0.034896,1.098472e-07,25.1226,1.776702,0.034896,1.098472e-07,25.1226,1.774795,0.017296,1.127758e-07,25.1237,1.774795,0.017296,1.127758e-07,25.1237,1.774795,0.017296,1.127758e-07,25.1237,1.774795,0.017296,1.127758e-07,25.1237,Yes,No,No,Yes,No,No,No,No,No,No,No,No,No,Yes
20,B8,sample,unkn,cDNA,NfL,non-saturating DNA binding dye,,,0.192865,0.041115,0.410204,0.205,0.205,8,26,4,24.5,0.141733,1.795359,0.99996,8.409402e-08,25.1307,25.1307,1.776702,0.034896,1.086206e-07,25.1421,1.776702,0.034896,1.086206e-07,25.1421,1.774795,0.017296,1.115164e-07,25.1433,1.774795,0.017296,1.115164e-07,25.1433,1.774795,0.017296,1.115164e-07,25.1433,1.774795,0.017296,1.115164e-07,25.1433,Yes,No,No,Yes,No,No,No,No,No,No,No,No,No,Yes
21,B9,sample,unkn,cDNA,NfL,non-saturating DNA binding dye,,,0.357167,0.041115,0.410204,0.205,0.205,8,27,4,25.5,0.138732,1.764222,0.999961,7.162596e-08,26.1878,26.1878,1.776702,0.034896,5.98415e-08,26.1794,1.776702,0.034896,5.98415e-08,26.1794,1.774795,0.017296,6.15029e-08,26.1806,1.774795,0.017296,6.15029e-08,26.1806,1.774795,0.017296,6.15029e-08,26.1806,1.774795,0.017296,6.15029e-08,26.1806,Yes,No,No,Yes,No,No,No,No,No,No,No,No,No,Yes
22,B10,sample,unkn,cDNA,NfL,non-saturating DNA binding dye,,,0.242082,0.041115,0.410204,0.205,0.205,8,27,4,25.5,0.125688,1.793537,0.999984,4.262642e-08,26.3374,26.3374,1.776702,0.034896,5.421499e-08,26.3512,1.776702,0.034896,5.421499e-08,26.3512,1.774795,0.017296,5.572018e-08,26.3528,1.774795,0.017296,5.572018e-08,26.3528,1.774795,0.017296,5.572018e-08,26.3528,1.774795,0.017296,5.572018e-08,26.3528,Yes,No,No,Yes,No,No,No,No,No,No,No,No,No,Yes
23,B11,sample,unkn,cDNA,NfL,non-saturating DNA binding dye,,,0.171271,0.041115,0.410204,0.205,0.205,8,27,4,26.5,0.147855,1.743738,0.9988,5.896349e-08,27.0877,27.0877,1.776702,0.034896,3.589619e-08,27.0685,1.776702,0.034896,3.589619e-08,27.0685,1.774795,0.017296,3.693243e-08,27.0696,1.774795,0.017296,3.693243e-08,27.0696,1.774795,0.017296,3.693243e-08,27.0696,1.774795,0.017296,3.693243e-08,27.0696,Yes,No,No,Yes,No,No,No,No,No,No,No,No,No,Yes
24,B12,NTC_unused,ntc,cDNA,NfL,non-saturating DNA binding dye,amplification in negative control;baseline error,,0.282044,0.041115,0.410204,0.205,0.205,2,42,0,,,,,,,,1.776702,0.034896,,,1.776702,0.034896,,,1.774795,0.017296,,,1.774795,0.017296,,,1.774795,0.017296,,,1.774795,0.017296,,,Yes,Yes,Yes,No,No,Yes,Yes,No,No,Yes,Yes,No,No,No
25,C1,QC,unkn,cDNA,NfL,non-saturating DNA binding dye,,,0.216256,0.041115,0.410204,0.205,0.205,9,26,4,23.5,0.105696,1.783617,0.999999,1.313627e-07,24.6448,24.6448,1.776702,0.034896,1.439176e-07,24.6526,1.776702,0.034896,1.439176e-07,24.6526,1.774795,0.017296,1.475959e-07,24.6547,1.774795,0.017296,1.475959e-07,24.6547,1.774795,0.017296,1.475959e-07,24.6547,1.774795,0.017296,1.475959e-07,24.6547,Yes,No,No,Yes,No,No,No,No,No,No,No,No,No,Yes
26,C2,QC,unkn,cDNA,NfL,non-saturating DNA binding dye,,,0.267358,0.041115,0.410204,0.205,0.205,10,26,4,23.5,0.121124,1.72799,0.999696,3.169657e-07,24.462,24.462,1.776702,0.034896,1.649248e-07,24.4155,1.776702,0.034896,1.649248e-07,24.4155,1.774795,0.017296,1.6914e-07,24.4172,1.774795,0.017296,1.6914e-07,24.4172,1.774795,0.017296,1.6914e-07,24.4172,1.774795,0.017296,1.6914e-07,24.4172,Yes,No,No,Yes,No,No,No,No,No,No,No,No,No,Yes
27,C3,sample,unkn,cDNA,NfL,non-saturating DNA binding dye,,,0.24413,0.041115,0.410204,0.205,0.205,9,25,4,22.5,0.111759,1.773379,0.999986,2.819989e-07,23.559,23.559,1.776702,0.034896,2.703668e-07,23.5555,1.776702,0.034896,2.703668e-07,23.5555,1.774795,0.017296,2.769793e-07,23.5575,1.774795,0.017296,2.769793e-07,23.5575,1.774795,0.017296,2.769793e-07,23.5575,1.774795,0.017296,2.769793e-07,23.5575,Yes,No,No,Yes,No,No,No,No,No,No,No,No,No,Yes
28,C4,sample,unkn,cDNA,NfL,non-saturating DNA binding dye,,,0.264167,0.041115,0.410204,0.205,0.205,8,25,4,22.5,0.107483,1.800251,0.999981,1.933507e-07,23.5982,23.5982,1.776702,0.034896,2.600219e-07,23.6234,1.776702,0.034896,2.600219e-07,23.6234,1.774795,0.017296,2.663814e-07,23.6255,1.774795,0.017296,2.663814e-07,23.6255,1.774795,0.017296,2.663814e-07,23.6255,1.774795,0.017296,2.663814e-07,23.6255,Yes,No,No,Yes,No,No,No,No,No,No,No,No,No,Yes
29,C5,std,unkn,cDNA,NfL,non-saturating DNA binding dye,,,0.243672,0.041115,0.410204,0.205,0.205,8,20,4,18.5,0.139814,1.767943,0.999895,3.693069e-06,19.1716,19.1716,1.776702,0.034896,3.370394e-06,19.1658,1.776702,0.034896,3.370394e-06,19.1658,1.774795,0.017296,3.438024e-06,19.1671,1.774795,0.017296,3.438024e-06,19.1671,1.774795,0.017296,3.438024e-06,19.1671,1.774795,0.017296,3.438024e-06,19.1671,Yes,No,No,Yes,No,No,No,No,No,No,No,No,No,Yes
30,C6,std,unkn,cDNA,NfL,non-saturating DNA binding dye,,,0.100137,0.041115,0.410204,0.205,0.205,9,20,4,18.5,0.153854,1.769027,0.999944,4.018127e-06,19.0031,19.0031,1.776702,0.034896,3.708846e-06,18.9993,1.776702,0.034896,3.708846e-06,18.9993,1.774795,0.017296,3.783269e-06,19.0003,1.774795,0.017296,3.783269e-06,19.0003,1.774795,0.017296,3.783269e-06,19.0003,1.774795,0.017296,3.783269e-06,19.0003,Yes,No,No,Yes,No,No,No,No,No,No,No,No,No,Yes
31,C7,sample,unkn,cDNA,NfL,non-saturating DNA binding dye,,,0.235462,0.041115,0.410204,0.205,0.205,8,26,4,24.5,0.152218,1.780723,0.999963,1.103714e-07,25.0159,25.0159,1.776702,0.034896,1.166564e-07,25.0179,1.776702,0.034896,1.166564e-07,25.0179,1.774795,0.017296,1.197665e-07,25.0189,1.774795,0.017296,1.197665e-07,25.0189,1.774795,0.017296,1.197665e-07,25.0189,1.774795,0.017296,1.197665e-07,25.0189,Yes,No,No,Yes,No,No,No,No,No,No,No,No,No,Yes
32,C8,sample,unkn,cDNA,NfL,non-saturating DNA binding dye,,,0.245175,0.041115,0.410204,0.205,0.205,8,26,4,24.5,0.150969,1.77933,0.999955,1.115843e-07,25.0309,25.0309,1.776702,0.034896,1.156988e-07,25.0323,1.776702,0.034896,1.156988e-07,25.0323,1.774795,0.017296,1.187834e-07,25.0333,1.774795,0.017296,1.187834e-07,25.0333,1.774795,0.017296,1.187834e-07,25.0333,1.774795,0.017296,1.187834e-07,25.0333,Yes,No,No,Yes,No,No,No,No,No,No,No,No,No,Yes
33,C9,sample,unkn,cDNA,NfL,non-saturating DNA binding dye,,,0.2529,0.041115,0.410204,0.205,0.205,8,27,4,25.5,0.14143,1.790077,0.99996,5.038623e-08,26.1375,26.1375,1.776702,0.034896,6.100538e-08,26.1458,1.776702,0.034896,6.100538e-08,26.1458,1.774795,0.017296,6.26991e-08,26.1471,1.774795,0.017296,6.26991e-08,26.1471,1.774795,0.017296,6.26991e-08,26.1471,1.774795,0.017296,6.26991e-08,26.1471,Yes,No,No,Yes,No,No,No,No,No,No,No,No,No,Yes
34,C10,sample,unkn,cDNA,NfL,non-saturating DNA binding dye,,,0.24759,0.041115,0.410204,0.205,0.205,9,27,4,25.5,0.131756,1.781927,0.999904,5.273262e-08,26.2652,26.2652,1.776702,0.034896,5.683239e-08,26.2691,1.776702,0.034896,5.683239e-08,26.2691,1.774795,0.017296,5.841025e-08,26.2706,1.774795,0.017296,5.841025e-08,26.2706,1.774795,0.017296,5.841025e-08,26.2706,1.774795,0.017296,5.841025e-08,26.2706,Yes,No,No,Yes,No,No,No,No,No,No,No,No,No,Yes
35,C11,sample,unkn,cDNA,NfL,non-saturating DNA binding dye,,,0.213406,0.041115,0.410204,0.205,0.205,9,27,4,24.5,0.110503,1.796941,0.999946,6.416419e-08,25.5544,25.5544,1.776702,0.034896,8.468659e-08,25.5752,1.776702,0.034896,8.468659e-08,25.5752,1.774795,0.017296,8.694435e-08,25.5772,1.774795,0.017296,8.694435e-08,25.5772,1.774795,0.017296,8.694435e-08,25.5772,1.774795,0.017296,8.694435e-08,25.5772,Yes,No,No,Yes,No,No,No,No,No,No,No,No,No,Yes
36,C12,NTC_unused,ntc,cDNA,NfL,non-saturating DNA binding dye,amplification in negative control;baseline error,,0.295898,0.041115,0.410204,0.205,0.205,5,45,0,,,,,,,,1.776702,0.034896,,,1.776702,0.034896,,,1.774795,0.017296,,,1.774795,0.017296,,,1.774795,0.017296,,,1.774795,0.017296,,,Yes,Yes,Yes,No,No,Yes,Yes,No,No,Yes,Yes,No,No,No
37,D1,sample,unkn,cDNA,NfL,non-saturating DNA binding dye,,,0.247623,0.041115,0.410204,0.205,0.205,9,28,4,25.5,0.123847,1.778534,0.999986,5.203568e-08,26.3752,26.3752,1.776702,0.034896,5.342123e-08,26.3768,1.776702,0.034896,5.342123e-08,26.3768,1.774795,0.017296,5.490439e-08,26.3785,1.774795,0.017296,5.490439e-08,26.3785,1.774795,0.017296,5.490439e-08,26.3785,1.774795,0.017296,5.490439e-08,26.3785,Yes,No,No,Yes,No,No,No,No,No,No,No,No,No,Yes
38,D2,sample,unkn,cDNA,NfL,non-saturating DNA binding dye,,,0.231986,0.041115,0.410204,0.205,0.205,9,27,4,25.5,0.134627,1.754436,0.99993,8.009845e-08,26.248,26.248,1.776702,0.034896,5.807089e-08,26.2316,1.776702,0.034896,5.807089e-08,26.2316,1.774795,0.017296,5.968313e-08,26.233,1.774795,0.017296,5.968313e-08,26.233,1.774795,0.017296,5.968313e-08,26.233,1.774795,0.017296,5.968313e-08,26.233,Yes,No,No,Yes,No,No,No,No,No,No,No,No,No,Yes
39,D3,sample,unkn,cDNA,NfL,non-saturating DNA binding dye,,,0.236982,0.041115,0.410204,0.205,0.205,10,25,4,22.5,0.127168,1.76607,0.999969,3.521273e-07,23.3396,23.3396,1.776702,0.034896,3.076432e-07,23.3308,1.776702,0.034896,3.076432e-07,23.3308,1.774795,0.017296,3.151674e-07,23.3323,1.774795,0.017296,3.151674e-07,23.3323,1.774795,0.017296,3.151674e-07,23.3323,1.774795,0.017296,3.151674e-07,23.3323,Yes,No,No,Yes,No,No,No,No,No,No,No,No,No,Yes
40,D4,sample,unkn,cDNA,NfL,non-saturating DNA binding dye,,,0.260477,0.041115,0.410204,0.205,0.205,9,25,4,22.5,0.130911,1.765597,0.999955,3.646811e-07,23.2889,23.2889,1.776702,0.034896,3.166981e-07,23.2803,1.776702,0.034896,3.166981e-07,23.2803,1.774795,0.017296,3.244438e-07,23.2818,1.774795,0.017296,3.244438e-07,23.2818,1.774795,0.017296,3.244438e-07,23.2818,1.774795,0.017296,3.244438e-07,23.2818,Yes,No,No,Yes,No,No,No,No,No,No,No,No,No,Yes
41,D5,std,unkn,cDNA,NfL,non-saturating DNA binding dye,,,0.228424,0.041115,0.410204,0.205,0.205,9,23,4,20.5,0.114874,1.775337,0.999882,8.911817e-07,21.509,21.509,1.776702,0.034896,8.772492e-07,21.5077,1.776702,0.034896,8.772492e-07,21.5077,1.774795,0.017296,8.967763e-07,21.5096,1.774795,0.017296,8.967763e-07,21.5096,1.774795,0.017296,8.967763e-07,21.5096,1.774795,0.017296,8.967763e-07,21.5096,Yes,No,No,Yes,No,No,No,No,No,No,No,No,No,Yes
42,D6,std,unkn,cDNA,NfL,non-saturating DNA binding dye,,,0.260207,0.041115,0.410204,0.205,0.205,9,23,4,20.5,0.119785,1.758388,0.999962,1.131232e-06,21.452,21.452,1.776702,0.034896,9.147513e-07,21.4348,1.776702,0.034896,9.147513e-07,21.4348,1.774795,0.017296,9.351131e-07,21.4366,1.774795,0.017296,9.351131e-07,21.4366,1.774795,0.017296,9.351131e-07,21.4366,1.774795,0.017296,9.351131e-07,21.4366,Yes,No,No,Yes,No,No,No,No,No,No,No,No,No,Yes
43,D7,sample,unkn,cDNA,NfL,non-saturating DNA binding dye,,,0.238081,0.041115,0.410204,0.205,0.205,9,23,4,21.5,0.138814,1.771108,0.999997,6.385029e-07,22.1821,22.1821,1.776702,0.034896,5.96648e-07,22.1783,1.776702,0.034896,5.96648e-07,22.1783,1.774795,0.017296,6.105845e-07,22.1796,1.774795,0.017296,6.105845e-07,22.1796,1.774795,0.017296,6.105845e-07,22.1796,1.774795,0.017296,6.105845e-07,22.1796,Yes,No,No,Yes,No,No,No,No,No,No,No,No,No,Yes
44,D8,sample,unkn,cDNA,NfL,non-saturating DNA binding dye,,,0.21985,0.041115,0.410204,0.205,0.205,8,23,4,21.5,0.113944,1.777561,0.999958,4.84688e-07,22.521,22.521,1.776702,0.034896,4.897526e-07,22.5218,1.776702,0.034896,4.897526e-07,22.5218,1.774795,0.017296,5.011922e-07,22.5237,1.774795,0.017296,5.011922e-07,22.5237,1.774795,0.017296,5.011922e-07,22.5237,1.774795,0.017296,5.011922e-07,22.5237,Yes,No,No,Yes,No,No,No,No,No,No,No,No,No,Yes
45,D9,sample,unkn,cDNA,NfL,non-saturating DNA binding dye,,,0.251611,0.041115,0.410204,0.205,0.205,10,29,4,26.5,0.126742,1.767788,0.999968,3.51577e-08,27.344,27.344,1.776702,0.034896,3.077034e-08,27.3366,1.776702,0.034896,3.077034e-08,27.3366,1.774795,0.017296,3.165861e-08,27.3382,1.774795,0.017296,3.165861e-08,27.3382,1.774795,0.017296,3.165861e-08,27.3382,1.774795,0.017296,3.165861e-08,27.3382,Yes,No,No,Yes,No,No,No,No,No,No,No,No,No,Yes
46,D10,sample,unkn,cDNA,NfL,non-saturating DNA binding dye,,,0.257978,0.041115,0.410204,0.205,0.205,9,29,4,26.5,0.123523,1.776969,0.999994,2.986951e-08,27.3812,27.3812,1.776702,0.034896,2.998882e-08,27.3814,1.776702,0.034896,2.998882e-08,27.3814,1.774795,0.017296,3.085453e-08,27.383,1.774795,0.017296,3.085453e-08,27.383,1.774795,0.017296,3.085453e-08,27.383,1.774795,0.017296,3.085453e-08,27.383,Yes,No,No,Yes,No,No,No,No,No,No,No,No,No,Yes
47,D11,sample,unkn,cDNA,NfL,non-saturating DNA binding dye,,,0.236555,0.041115,0.410204,0.205,0.205,8,27,4,24.5,0.1083,1.78674,0.999983,7.229809e-08,25.5994,25.5994,1.776702,0.034896,8.299845e-08,25.6102,1.776702,0.034896,8.299845e-08,25.6102,1.774795,0.017296,8.521121e-08,25.6123,1.774795,0.017296,8.521121e-08,25.6123,1.774795,0.017296,8.521121e-08,25.6123,1.774795,0.017296,8.521121e-08,25.6123,Yes,No,No,Yes,No,No,No,No,No,No,No,No,No,Yes
48,D12,NTC_unused,ntc,cDNA,NfL,non-saturating DNA binding dye,amplification in negative control;baseline error,,0.341064,0.041115,0.410204,0.205,0.205,3,40,0,,,,,,,,1.776702,0.034896,,,1.776702,0.034896,,,1.774795,0.017296,,,1.774795,0.017296,,,1.774795,0.017296,,,1.774795,0.017296,,,Yes,Yes,Yes,No,No,Yes,Yes,No,No,Yes,Yes,No,No,No
49,E1,sample,unkn,cDNA,NfL,non-saturating DNA binding dye,,,0.201705,0.041115,0.410204,0.205,0.205,8,27,4,25.5,0.130888,1.78806,0.99989,4.799086e-08,26.2721,26.2721,1.776702,0.034896,5.645827e-08,26.2806,1.776702,0.034896,5.645827e-08,26.2806,1.774795,0.017296,5.802574e-08,26.2821,1.774795,0.017296,5.802574e-08,26.2821,1.774795,0.017296,5.802574e-08,26.2821,1.774795,0.017296,5.802574e-08,26.2821,Yes,No,No,Yes,No,No,No,No,No,No,No,No,No,Yes
50,E2,sample,unkn,cDNA,NfL,non-saturating DNA binding dye,,,0.250433,0.041115,0.410204,0.205,0.205,9,27,4,25.5,0.139302,1.773894,0.999952,6.256096e-08,26.1741,26.1741,1.776702,0.034896,6.008764e-08,26.1722,1.776702,0.034896,6.008764e-08,26.1722,1.774795,0.017296,6.175587e-08,26.1735,1.774795,0.017296,6.175587e-08,26.1735,1.774795,0.017296,6.175587e-08,26.1735,1.774795,0.017296,6.175587e-08,26.1735,Yes,No,No,Yes,No,No,No,No,No,No,No,No,No,Yes
51,E3,sample,unkn,cDNA,NfL,non-saturating DNA binding dye,,,0.299867,0.041115,0.410204,0.205,0.205,8,24,4,22.5,0.163036,1.765975,0.999857,4.519926e-07,22.9027,22.9027,1.776702,0.034896,3.944154e-07,22.8985,1.776702,0.034896,3.944154e-07,22.8985,1.774795,0.017296,4.040618e-07,22.8992,1.774795,0.017296,4.040618e-07,22.8992,1.774795,0.017296,4.040618e-07,22.8992,1.774795,0.017296,4.040618e-07,22.8992,Yes,No,No,Yes,No,No,No,No,No,No,No,No,No,Yes
52,E4,sample,unkn,cDNA,NfL,non-saturating DNA binding dye,,,0.244438,0.041115,0.410204,0.205,0.205,10,24,4,22.5,0.159046,1.74567,0.999985,5.719713e-07,22.9556,22.9556,1.776702,0.034896,3.847641e-07,22.9416,1.776702,0.034896,3.847641e-07,22.9416,1.774795,0.017296,3.941744e-07,22.9424,1.774795,0.017296,3.941744e-07,22.9424,1.774795,0.017296,3.941744e-07,22.9424,1.774795,0.017296,3.941744e-07,22.9424,Yes,No,No,Yes,No,No,No,No,No,No,No,No,No,Yes
53,E5,std,unkn,cDNA,NfL,non-saturating DNA binding dye,,,0.231525,0.041115,0.410204,0.205,0.205,10,25,5,23.0,0.129094,1.747146,0.999749,3.446178e-07,23.8288,23.8288,1.776702,0.034896,2.342987e-07,23.8046,1.776702,0.034896,2.342987e-07,23.8046,1.774795,0.017296,2.40158e-07,23.8061,1.774795,0.017296,2.40158e-07,23.8061,1.774795,0.017296,2.40158e-07,23.8061,1.774795,0.017296,2.40158e-07,23.8061,Yes,No,No,Yes,No,No,No,No,No,No,No,No,No,Yes
54,E6,std,unkn,cDNA,NfL,non-saturating DNA binding dye,,,0.230264,0.041115,0.410204,0.205,0.205,8,25,4,22.5,0.101198,1.800751,0.999954,1.8091e-07,23.7001,23.7001,1.776702,0.034896,2.448179e-07,23.7282,1.776702,0.034896,2.448179e-07,23.7282,1.774795,0.017296,2.508055e-07,23.7305,1.774795,0.017296,2.508055e-07,23.7305,1.774795,0.017296,2.508055e-07,23.7305,1.774795,0.017296,2.508055e-07,23.7305,Yes,No,No,Yes,No,No,No,No,No,No,No,No,No,Yes
55,E7,sample,unkn,cDNA,NfL,non-saturating DNA binding dye,,,0.258573,0.041115,0.410204,0.205,0.205,10,24,4,21.5,0.116308,1.73764,0.999666,8.062514e-07,22.5258,22.5258,1.776702,0.034896,4.99912e-07,22.4861,1.776702,0.034896,4.99912e-07,22.4861,1.774795,0.017296,5.115888e-07,22.4879,1.774795,0.017296,5.115888e-07,22.4879,1.774795,0.017296,5.115888e-07,22.4879,1.774795,0.017296,5.115888e-07,22.4879,Yes,No,No,Yes,No,No,No,No,No,No,No,No,No,Yes
56,E8,sample,unkn,cDNA,NfL,non-saturating DNA binding dye,,,0.30757,0.041115,0.410204,0.205,0.205,9,24,4,21.5,0.118322,1.791542,0.999902,4.252893e-07,22.4426,22.4426,1.776702,0.034896,5.085695e-07,22.4562,1.776702,0.034896,5.085695e-07,22.4562,1.774795,0.017296,5.204486e-07,22.458,1.774795,0.017296,5.204486e-07,22.458,1.774795,0.017296,5.204486e-07,22.458,1.774795,0.017296,5.204486e-07,22.458,Yes,No,No,Yes,No,No,No,No,No,No,No,No,No,Yes
57,E9,sample,unkn,cDNA,NfL,non-saturating DNA binding dye,,,0.243493,0.041115,0.410204,0.205,0.205,9,25,4,23.5,0.158626,1.769386,0.999977,2.3798e-07,23.9494,23.9494,1.776702,0.034896,2.159878e-07,23.9462,1.776702,0.034896,2.159878e-07,23.9462,1.774795,0.017296,2.215081e-07,23.947,1.774795,0.017296,2.215081e-07,23.947,1.774795,0.017296,2.215081e-07,23.947,1.774795,0.017296,2.215081e-07,23.947,Yes,No,No,Yes,No,No,No,No,No,No,No,No,No,Yes
58,E10,sample,unkn,cDNA,NfL,non-saturating DNA binding dye,,,0.228563,0.041115,0.410204,0.205,0.205,9,25,4,23.5,0.154574,1.769295,0.999968,2.321833e-07,23.9948,23.9948,1.776702,0.034896,2.104712e-07,23.9912,1.776702,0.034896,2.104712e-07,23.9912,1.774795,0.017296,2.158505e-07,23.9921,1.774795,0.017296,2.158505e-07,23.9921,1.774795,0.017296,2.158505e-07,23.9921,1.774795,0.017296,2.158505e-07,23.9921,Yes,No,No,Yes,No,No,No,No,No,No,No,No,No,Yes
59,E11,QC,unkn,cDNA,NfL,non-saturating DNA binding dye,,,0.242116,0.041115,0.410204,0.205,0.205,12,24,4,21.5,0.136029,1.752264,0.999999,7.874866e-07,22.2312,22.2312,1.776702,0.034896,5.846795e-07,22.2136,1.776702,0.034896,5.846795e-07,22.2136,1.774795,0.017296,5.983363e-07,22.2149,1.774795,0.017296,5.983363e-07,22.2149,1.774795,0.017296,5.983363e-07,22.2149,1.774795,0.017296,5.983363e-07,22.2149,Yes,No,No,Yes,No,No,No,No,No,No,No,No,No,Yes
60,E12,NTC_unused,ntc,cDNA,NfL,non-saturating DNA binding dye,amplification in negative control;baseline error,,0.19323,0.041115,0.410204,0.205,0.205,0,45,0,,,,,,,,1.776702,0.034896,,,1.776702,0.034896,,,1.774795,0.017296,,,1.774795,0.017296,,,1.774795,0.017296,,,1.774795,0.017296,,,Yes,Yes,No,No,No,Yes,Yes,No,No,Yes,No,No,No,No
61,F1,sample,unkn,cDNA,NfL,non-saturating DNA binding dye,,,-0.016051,0.041115,0.410204,0.205,0.205,8,26,4,24.5,0.148575,1.7939,0.99993,8.992641e-08,25.0509,25.0509,1.776702,0.034896,1.138642e-07,25.0601,1.776702,0.034896,1.138642e-07,25.0601,1.774795,0.017296,1.168998e-07,25.0611,1.774795,0.017296,1.168998e-07,25.0611,1.774795,0.017296,1.168998e-07,25.0611,1.774795,0.017296,1.168998e-07,25.0611,Yes,No,No,Yes,No,No,No,No,No,No,No,No,No,Yes
62,F2,sample,unkn,cDNA,NfL,non-saturating DNA binding dye,,,0.238646,0.041115,0.410204,0.205,0.205,11,26,4,24.5,0.14583,1.749642,0.999976,1.627766e-07,25.1088,25.1088,1.776702,0.034896,1.117604e-07,25.0925,1.776702,0.034896,1.117604e-07,25.0925,1.774795,0.017296,1.1474e-07,25.0937,1.774795,0.017296,1.1474e-07,25.0937,1.774795,0.017296,1.1474e-07,25.0937,1.774795,0.017296,1.1474e-07,25.0937,Yes,No,No,Yes,No,No,No,No,No,No,No,No,No,Yes
63,F3,sample,unkn,cDNA,NfL,non-saturating DNA binding dye,,,0.222853,0.041115,0.410204,0.205,0.205,10,24,4,21.5,0.10858,1.743555,0.999784,6.996511e-07,22.6432,22.6432,1.776702,0.034896,4.66698e-07,22.6057,1.776702,0.034896,4.66698e-07,22.6057,1.774795,0.017296,4.77599e-07,22.6078,1.774795,0.017296,4.77599e-07,22.6078,1.774795,0.017296,4.77599e-07,22.6078,1.774795,0.017296,4.77599e-07,22.6078,Yes,No,No,Yes,No,No,No,No,No,No,No,No,No,Yes
64,F4,sample,unkn,cDNA,NfL,non-saturating DNA binding dye,,,0.250004,0.041115,0.410204,0.205,0.205,9,24,4,21.5,0.107192,1.771123,0.999998,4.929653e-07,22.6343,22.6343,1.776702,0.034896,4.60732e-07,22.6281,1.776702,0.034896,4.60732e-07,22.6281,1.774795,0.017296,4.714937e-07,22.6302,1.774795,0.017296,4.714937e-07,22.6302,1.774795,0.017296,4.714937e-07,22.6302,1.774795,0.017296,4.714937e-07,22.6302,Yes,No,No,Yes,No,No,No,No,No,No,No,No,No,Yes
65,F5,std,unkn,cDNA,NfL,non-saturating DNA binding dye,,,0.275325,0.041115,0.410204,0.205,0.205,8,27,4,25.5,0.134767,1.782176,0.99997,5.374593e-08,26.2259,26.2259,1.776702,0.034896,5.813148e-08,26.2298,1.776702,0.034896,5.813148e-08,26.2298,1.774795,0.017296,5.974541e-08,26.2312,1.774795,0.017296,5.974541e-08,26.2312,1.774795,0.017296,5.974541e-08,26.2312,1.774795,0.017296,5.974541e-08,26.2312,Yes,No,No,Yes,No,No,No,No,No,No,No,No,No,Yes
66,F6,std,unkn,cDNA,NfL,non-saturating DNA binding dye,,,0.385841,0.041115,0.410204,0.205,0.205,9,27,4,25.5,0.13825,1.778496,0.99995,5.81185e-08,26.1842,26.1842,1.776702,0.034896,5.963368e-08,26.1854,1.776702,0.034896,5.963368e-08,26.1854,1.774795,0.017296,6.128931e-08,26.1867,1.774795,0.017296,6.128931e-08,26.1867,1.774795,0.017296,6.128931e-08,26.1867,1.774795,0.017296,6.128931e-08,26.1867,Yes,No,No,Yes,No,No,No,No,No,No,No,No,No,Yes
67,F7,sample,unkn,cDNA,NfL,non-saturating DNA binding dye,,,0.258074,0.041115,0.410204,0.205,0.205,9,27,4,25.5,0.158909,1.765281,0.999919,8.079721e-08,25.9481,25.9481,1.776702,0.034896,6.854496e-08,25.9431,1.776702,0.034896,6.854496e-08,25.9431,1.774795,0.017296,7.0448e-08,25.9439,1.774795,0.017296,7.0448e-08,25.9439,1.774795,0.017296,7.0448e-08,25.9439,1.774795,0.017296,7.0448e-08,25.9439,Yes,No,No,Yes,No,No,No,No,No,No,No,No,No,Yes
68,F8,sample,unkn,cDNA,NfL,non-saturating DNA binding dye,,PCR efficiency outlier;indiv PCR eff is higher than mean PCR eff by 0.264,0.256358,0.041115,0.410204,0.205,0.205,8,27,4,25.5,0.151894,2.039085,0.979253,1.954054e-09,25.9208,25.9208,1.776702,0.034896,6.551886e-08,26.0217,1.776702,0.034896,6.551886e-08,26.0217,1.774795,0.017296,6.733788e-08,26.0226,1.774795,0.017296,6.733788e-08,26.0226,1.774795,0.017296,6.733788e-08,26.0226,1.774795,0.017296,6.733788e-08,26.0226,Yes,No,No,Yes,No,Yes,Yes,Yes,Yes,No,No,No,No,Yes
69,F9,sample,unkn,cDNA,NfL,non-saturating DNA binding dye,,,0.323752,0.041115,0.410204,0.205,0.205,8,26,4,23.5,0.10476,1.803362,0.999994,1.005184e-07,24.6385,24.6385,1.776702,0.034896,1.426431e-07,24.668,1.776702,0.034896,1.426431e-07,24.668,1.774795,0.017296,1.462888e-07,24.6702,1.774795,0.017296,1.462888e-07,24.6702,1.774795,0.017296,1.462888e-07,24.6702,1.774795,0.017296,1.462888e-07,24.6702,Yes,No,No,Yes,No,No,No,No,No,No,No,No,No,Yes
70,F10,sample,unkn,cDNA,NfL,non-saturating DNA binding dye,,,0.229666,0.041115,0.410204,0.205,0.205,9,26,4,23.5,0.107444,1.787776,0.999999,1.264228e-07,24.612,24.612,1.776702,0.034896,1.462977e-07,24.624,1.776702,0.034896,1.462977e-07,24.624,1.774795,0.017296,1.500369e-07,24.6261,1.774795,0.017296,1.500369e-07,24.6261,1.774795,0.017296,1.500369e-07,24.6261,1.774795,0.017296,1.500369e-07,24.6261,Yes,No,No,Yes,No,No,No,No,No,No,No,No,No,Yes
71,F11,QC,unkn,cDNA,NfL,non-saturating DNA binding dye,,,0.217423,0.041115,0.410204,0.205,0.205,10,24,4,21.5,0.136083,1.745394,0.999925,8.572267e-07,22.2357,22.2357,1.776702,0.034896,5.849093e-07,22.2129,1.776702,0.034896,5.849093e-07,22.2129,1.774795,0.017296,5.985715e-07,22.2142,1.774795,0.017296,5.985715e-07,22.2142,1.774795,0.017296,5.985715e-07,22.2142,1.774795,0.017296,5.985715e-07,22.2142,Yes,No,No,Yes,No,No,No,No,No,No,No,No,No,Yes
72,F12,NTC_unused,ntc,cDNA,NfL,non-saturating DNA binding dye,,,7.697988,0.041115,0.410204,0.205,0.205,0,45,0,,,,,,,,1.776702,0.034896,,,1.776702,0.034896,,,1.774795,0.017296,,,1.774795,0.017296,,,1.774795,0.017296,,,1.774795,0.017296,,,No,No,No,No,No,Yes,Yes,No,No,No,No,No,No,No
73,G1,sample,unkn,cDNA,NfL,non-saturating DNA binding dye,,indiv PCR eff is 1.675 < 1.7;PCR efficiency outlier;indiv PCR eff is lower than mean PCR eff by 0.100,0.258138,0.041115,0.410204,0.205,0.205,10,26,5,24.0,0.120363,1.674508,0.99623,5.095651e-07,25.0329,25.0329,1.776702,0.034896,1.229535e-07,24.9265,1.776702,0.034896,1.229535e-07,24.9265,1.774795,0.017296,1.261637e-07,24.9282,1.774795,0.017296,1.261637e-07,24.9282,1.774795,0.017296,1.261637e-07,24.9282,1.774795,0.017296,1.261637e-07,24.9282,Yes,No,No,Yes,No,Yes,Yes,Yes,Yes,No,No,No,No,Yes
74,G2,sample,unkn,cDNA,NfL,non-saturating DNA binding dye,,,0.237904,0.041115,0.410204,0.205,0.205,9,26,4,24.5,0.153728,1.784357,0.999954,1.060351e-07,24.9971,24.9971,1.776702,0.034896,1.178136e-07,25.0008,1.776702,0.034896,1.178136e-07,25.0008,1.774795,0.017296,1.209545e-07,25.0017,1.774795,0.017296,1.209545e-07,25.0017,1.774795,0.017296,1.209545e-07,25.0017,1.774795,0.017296,1.209545e-07,25.0017,Yes,No,No,Yes,No,No,No,No,No,No,No,No,No,Yes
75,G3,sample,unkn,cDNA,NfL,non-saturating DNA binding dye,,,0.238616,0.041115,0.410204,0.205,0.205,9,25,4,22.5,0.111055,1.786446,0.999997,2.375562e-07,23.5565,23.5565,1.776702,0.034896,2.686636e-07,23.5665,1.776702,0.034896,2.686636e-07,23.5665,1.774795,0.017296,2.752344e-07,23.5685,1.774795,0.017296,2.752344e-07,23.5685,1.774795,0.017296,2.752344e-07,23.5685,1.774795,0.017296,2.752344e-07,23.5685,Yes,No,No,Yes,No,No,No,No,No,No,No,No,No,Yes
76,G4,sample,unkn,cDNA,NfL,non-saturating DNA binding dye,,,0.386924,0.041115,0.410204,0.205,0.205,10,25,4,22.5,0.110544,1.739272,0.999824,4.317835e-07,23.6159,23.6159,1.776702,0.034896,2.674263e-07,23.5745,1.776702,0.034896,2.674263e-07,23.5745,1.774795,0.017296,2.739669e-07,23.5765,1.774795,0.017296,2.739669e-07,23.5765,1.774795,0.017296,2.739669e-07,23.5765,1.774795,0.017296,2.739669e-07,23.5765,Yes,No,No,Yes,No,No,No,No,No,No,No,No,No,Yes
77,G5,std,unkn,cDNA,NfL,non-saturating DNA binding dye,,,0.299943,0.041115,0.410204,0.205,0.205,10,30,4,27.5,0.119278,1.761052,0.999884,2.078862e-08,28.457,28.457,1.776702,0.034896,1.629891e-08,28.4422,1.776702,0.034896,1.629891e-08,28.4422,1.774795,0.017296,1.678744e-08,28.444,1.774795,0.017296,1.678744e-08,28.444,1.774795,0.017296,1.678744e-08,28.444,1.774795,0.017296,1.678744e-08,28.444,Yes,No,No,Yes,No,No,No,No,No,No,No,No,No,Yes
78,G6,std,unkn,cDNA,NfL,non-saturating DNA binding dye,,,0.307478,0.041115,0.410204,0.205,0.205,10,30,4,27.5,0.113658,1.767864,0.999943,1.781378e-08,28.5352,28.5352,1.776702,0.034896,1.553091e-08,28.5262,1.776702,0.034896,1.553091e-08,28.5262,1.774795,0.017296,1.599642e-08,28.5281,1.774795,0.017296,1.599642e-08,28.5281,1.774795,0.017296,1.599642e-08,28.5281,1.774795,0.017296,1.599642e-08,28.5281,Yes,No,No,Yes,No,No,No,No,No,No,No,No,No,Yes
79,G7,sample,unkn,cDNA,NfL,non-saturating DNA binding dye,,,0.229178,0.041115,0.410204,0.205,0.205,9,27,5,25.0,0.132582,1.766853,0.999866,8.759396e-08,25.7657,25.7657,1.776702,0.034896,7.622847e-08,25.7583,1.776702,0.034896,7.622847e-08,25.7583,1.774795,0.017296,7.830277e-08,25.7597,1.774795,0.017296,7.830277e-08,25.7597,1.774795,0.017296,7.830277e-08,25.7597,1.774795,0.017296,7.830277e-08,25.7597,Yes,No,No,Yes,No,No,No,No,No,No,No,No,No,Yes
80,G8,sample,unkn,cDNA,NfL,non-saturating DNA binding dye,,,0.479988,0.041115,0.410204,0.205,0.205,9,27,4,24.5,0.125187,1.779785,0.99999,9.195038e-08,25.3555,25.3555,1.776702,0.034896,9.593985e-08,25.3581,1.776702,0.034896,9.593985e-08,25.3581,1.774795,0.017296,9.849762e-08,25.3597,1.774795,0.017296,9.849762e-08,25.3597,1.774795,0.017296,9.849762e-08,25.3597,1.774795,0.017296,9.849762e-08,25.3597,Yes,No,No,Yes,No,No,No,No,No,No,No,No,No,Yes
81,G9,sample,unkn,cDNA,NfL,non-saturating DNA binding dye,,,0.291835,0.041115,0.410204,0.205,0.205,9,28,4,25.5,0.105821,1.77575,0.999952,4.627342e-08,26.6516,26.6516,1.776702,0.034896,4.564537e-08,26.6505,1.776702,0.034896,4.564537e-08,26.6505,1.774795,0.017296,4.691263e-08,26.6527,1.774795,0.017296,4.691263e-08,26.6527,1.774795,0.017296,4.691263e-08,26.6527,1.774795,0.017296,4.691263e-08,26.6527,Yes,No,No,Yes,No,No,No,No,No,No,No,No,No,Yes
82,G10,sample,unkn,cDNA,NfL,non-saturating DNA binding dye,,,0.227849,0.041115,0.410204,0.205,0.205,10,28,4,25.5,0.106788,1.778862,0.999921,4.465736e-08,26.6323,26.6323,1.776702,0.034896,4.606273e-08,26.6347,1.776702,0.034896,4.606273e-08,26.6347,1.774795,0.017296,4.734159e-08,26.6368,1.774795,0.017296,4.734159e-08,26.6368,1.774795,0.017296,4.734159e-08,26.6368,1.774795,0.017296,4.734159e-08,26.6368,Yes,No,No,Yes,No,No,No,No,No,No,No,No,No,Yes
83,G11,QC,unkn,cDNA,NfL,non-saturating DNA binding dye,,,0.232396,0.041115,0.410204,0.205,0.205,9,24,4,21.5,0.119503,1.77876,0.999975,5.010207e-07,22.4371,22.4371,1.776702,0.034896,5.136473e-07,22.4389,1.776702,0.034896,5.136473e-07,22.4389,1.774795,0.017296,5.256451e-07,22.4407,1.774795,0.017296,5.256451e-07,22.4407,1.774795,0.017296,5.256451e-07,22.4407,1.774795,0.017296,5.256451e-07,22.4407,Yes,No,No,Yes,No,No,No,No,No,No,No,No,No,Yes
84,G12,NTC_unused,ntc,cDNA,NfL,non-saturating DNA binding dye,amplification in negative control,plateau in negative control,0.135164,0.041115,0.410204,0.205,0.205,2,39,0,,,,,,,,1.776702,0.034896,,,1.776702,0.034896,,,1.774795,0.017296,,,1.774795,0.017296,,,1.774795,0.017296,,,1.774795,0.017296,,,Yes,No,No,Yes,No,Yes,Yes,No,No,Yes,No,No,No,No
85,H1,sample,unkn,cDNA,NfL,non-saturating DNA binding dye,,,0.21483,0.041115,0.410204,0.205,0.205,9,26,4,23.5,0.105674,1.784089,0.999991,1.305205e-07,24.6447,24.6447,1.776702,0.034896,1.438874e-07,24.6529,1.776702,0.034896,1.438874e-07,24.6529,1.774795,0.017296,1.475649e-07,24.6551,1.774795,0.017296,1.475649e-07,24.6551,1.774795,0.017296,1.475649e-07,24.6551,1.774795,0.017296,1.475649e-07,24.6551,Yes,No,No,Yes,No,No,No,No,No,No,No,No,No,Yes
86,H2,sample,unkn,cDNA,NfL,non-saturating DNA binding dye,,,0.237493,0.041115,0.410204,0.205,0.205,10,26,4,23.5,0.113729,1.780103,0.999987,1.480514e-07,24.5217,24.5217,1.776702,0.034896,1.548558e-07,24.5251,1.776702,0.034896,1.548558e-07,24.5251,1.774795,0.017296,1.588137e-07,24.527,1.774795,0.017296,1.588137e-07,24.527,1.774795,0.017296,1.588137e-07,24.527,1.774795,0.017296,1.588137e-07,24.527,Yes,No,No,Yes,No,No,No,No,No,No,No,No,No,Yes
87,H3,sample,unkn,cDNA,NfL,non-saturating DNA binding dye,,,0.233479,0.041115,0.410204,0.205,0.205,9,24,4,22.5,0.137892,1.778218,0.999957,3.27246e-07,23.1889,23.1889,1.776702,0.034896,3.335873e-07,23.1899,1.776702,0.034896,3.335873e-07,23.1899,1.774795,0.017296,3.41746e-07,23.1912,1.774795,0.017296,3.41746e-07,23.1912,1.774795,0.017296,3.41746e-07,23.1912,1.774795,0.017296,3.41746e-07,23.1912,Yes,No,No,Yes,No,No,No,No,No,No,No,No,No,Yes
88,H4,sample,unkn,cDNA,NfL,non-saturating DNA binding dye,,,0.225322,0.041115,0.410204,0.205,0.205,9,24,4,22.5,0.133529,1.774177,0.999961,3.335389e-07,23.2477,23.2477,1.776702,0.034896,3.230337e-07,23.2459,1.776702,0.034896,3.230337e-07,23.2459,1.774795,0.017296,3.309343e-07,23.2473,1.774795,0.017296,3.309343e-07,23.2473,1.774795,0.017296,3.309343e-07,23.2473,1.774795,0.017296,3.309343e-07,23.2473,Yes,No,No,Yes,No,No,No,No,No,No,No,No,No,Yes
89,H5,NTC_std,ntc,cDNA,NfL,non-saturating DNA binding dye,amplification in negative control,plateau in negative control,0.289391,0.041115,0.410204,0.205,0.205,9,35,4,33.5,0.159285,1.797735,0.999838,4.665174e-10,33.9302,33.9302,1.776702,0.034896,6.919667e-10,33.939,1.776702,0.034896,6.919667e-10,33.939,1.774795,0.017296,7.173144e-10,33.9398,1.774795,0.017296,7.173144e-10,33.9398,1.774795,0.017296,7.173144e-10,33.9398,1.774795,0.017296,7.173144e-10,33.9398,Yes,No,No,Yes,No,No,No,No,No,No,No,No,No,No
90,H6,NTC_std,ntc,cDNA,NfL,non-saturating DNA binding dye,amplification in negative control,plateau in negative control,0.257931,0.041115,0.410204,0.205,0.205,10,35,5,33.0,0.130751,1.745691,0.999938,1.353697e-09,33.8072,33.8072,1.776702,0.034896,7.571171e-10,33.7824,1.776702,0.034896,7.571171e-10,33.7824,1.774795,0.017296,7.844299e-10,33.7839,1.774795,0.017296,7.844299e-10,33.7839,1.774795,0.017296,7.844299e-10,33.7839,1.774795,0.017296,7.844299e-10,33.7839,Yes,No,No,Yes,No,No,No,No,No,No,No,No,No,No
91,H7,sample,unkn,cDNA,NfL,non-saturating DNA binding dye,,,0.260692,0.041115,0.410204,0.205,0.205,9,27,4,25.5,0.163546,1.780689,0.999784,6.662563e-08,25.8915,25.8915,1.776702,0.034896,7.054487e-08,25.8931,1.776702,0.034896,7.054487e-08,25.8931,1.774795,0.017296,7.250344e-08,25.8938,1.774795,0.017296,7.250344e-08,25.8938,1.774795,0.017296,7.250344e-08,25.8938,1.774795,0.017296,7.250344e-08,25.8938,Yes,No,No,Yes,No,No,No,No,No,No,No,No,No,Yes
92,H8,sample,unkn,cDNA,NfL,non-saturating DNA binding dye,,,0.597193,0.041115,0.410204,0.205,0.205,9,27,4,25.5,0.159216,1.77854,0.99992,6.689059e-08,25.939,25.939,1.776702,0.034896,6.867721e-08,25.9397,1.776702,0.034896,6.867721e-08,25.9397,1.774795,0.017296,7.058392e-08,25.9406,1.774795,0.017296,7.058392e-08,25.9406,1.774795,0.017296,7.058392e-08,25.9406,1.774795,0.017296,7.058392e-08,25.9406,Yes,No,No,Yes,No,No,No,No,No,No,No,No,No,Yes
93,H9,sample,unkn,cDNA,NfL,non-saturating DNA binding dye,,,0.251904,0.041115,0.410204,0.205,0.205,10,27,4,24.5,0.124056,1.769545,0.999998,1.049563e-07,25.3801,25.3801,1.776702,0.034896,9.507351e-08,25.3739,1.776702,0.034896,9.507351e-08,25.3739,1.774795,0.017296,9.760819e-08,25.3755,1.774795,0.017296,9.760819e-08,25.3755,1.774795,0.017296,9.760819e-08,25.3755,1.774795,0.017296,9.760819e-08,25.3755,Yes,No,No,Yes,No,No,No,No,No,No,No,No,No,Yes
94,H10,sample,unkn,cDNA,NfL,non-saturating DNA binding dye,,,0.230651,0.041115,0.410204,0.205,0.205,9,27,4,24.5,0.124236,1.79614,0.999981,7.293122e-08,25.3552,25.3552,1.776702,0.034896,9.521176e-08,25.3714,1.776702,0.034896,9.521176e-08,25.3714,1.774795,0.017296,9.775012e-08,25.373,1.774795,0.017296,9.775012e-08,25.373,1.774795,0.017296,9.775012e-08,25.373,1.774795,0.017296,9.775012e-08,25.373,Yes,No,No,Yes,No,No,No,No,No,No,No,No,No,Yes
95,H11,QC,unkn,cDNA,NfL,non-saturating DNA binding dye,,,0.214274,0.041115,0.410204,0.205,0.205,10,24,4,21.5,0.111431,1.769207,0.999949,5.245238e-07,22.5685,22.5685,1.776702,0.034896,4.789493e-07,22.5606,1.776702,0.034896,4.789493e-07,22.5606,1.774795,0.017296,4.901366e-07,22.5626,1.774795,0.017296,4.901366e-07,22.5626,1.774795,0.017296,4.901366e-07,22.5626,1.774795,0.017296,4.901366e-07,22.5626,Yes,No,No,Yes,No,No,No,No,No,No,No,No,No,Yes
96,H12,NTC_unused,ntc,cDNA,NfL,non-saturating DNA binding dye,amplification in negative control;baseline error,,0.151518,0.041115,0.410204,0.205,0.205,0,45,0,,,,,,,,1.776702,0.034896,,,1.776702,0.034896,,,1.774795,0.017296,,,1.774795,0.017296,,,1.774795,0.017296,,,1.774795,0.017296,,,Yes,Yes,No,No,No,Yes,Yes,No,No,Yes,No,No,No,No
